#,Company,Symbol,Weight,Price,Chg,% Chg
1,Apple Inc.,AAPL,6.63%,196.21,1.94,(1.00%)
2,Microsoft Corp,MSFT,6.27%,374.06,2.44,(0.66%)
3,Nvidia Corp,NVDA,6.00%,104.64,0.15,(0.14%)
4,Amazon.com Inc,AMZN,3.70%,176.27,1.94,(1.11%)
5,"Meta Platforms, Inc. Class A",META,2.50%,506.25,3.94,(0.78%)
6,Berkshire Hathaway Class B,BRK.B,2.12%,521.80,5.35,(1.04%)
7,Alphabet Inc. Class A,GOOGL,1.99%,155.16,1.83,(1.19%)
8,Broadcom Inc.,AVGO,1.83%,177.00,2.39,(1.37%)
9,Alphabet Inc. Class C,GOOG,1.64%,157.40,1.90,(1.22%)
10,"Tesla, Inc.",TSLA,1.55%,244.02,2.47,(1.02%)
11,Jpmorgan Chase & Co.,JPM,1.42%,231.83,2.22,(0.97%)
12,Eli Lilly & Co.,LLY,1.30%,736.87,1.97,(0.27%)
13,Visa Inc.,V,1.26%,333.60,2.27,(0.68%)
14,Unitedhealth Group Incorporated,UNH,1.17%,589.72,4.68,(0.80%)
15,Exxon Mobil Corporation,XOM,0.98%,104.68,0.49,(0.47%)
16,Costco Wholesale Corp,COST,0.95%,973.19,5.43,(0.56%)
17,Mastercard Incorporated,MA,0.92%,522.09,8.66,(1.69%)
18,Netflix Inc,NFLX,0.91%,972.45,10.82,(1.13%)
19,Walmart Inc.,WMT,0.89%,91.88,0.69,(0.76%)
20,Procter & Gamble Company,PG,0.86%,165.41,-0.98,(-0.59%)
21,Johnson & Johnson,JNJ,0.81%,154.12,0.21,(0.14%)
22,"Home Depot, Inc.",HD,0.77%,349.00,3.01,(0.87%)
23,Abbvie Inc.,ABBV,0.68%,171.69,0.00,0.00%
24,Coca-Cola Company,KO,0.61%,71.87,0.19,(0.27%)
25,Bank of America Corporation,BAC,0.55%,37.89,0.56,(1.50%)
26,Philip Morris International Inc.,PM,0.54%,161.50,1.02,(0.64%)
27,"Salesforce, Inc.",CRM,0.53%,253.20,3.35,(1.34%)
28,"Cisco Systems, Inc.",CSCO,0.50%,56.23,0.47,(0.83%)
29,Chevron Corporation,CVX,0.49%,136.75,1.39,(1.03%)
30,Mcdonald's Corporation,MCD,0.49%,311.08,1.98,(0.64%)
31,International Business Machines Corporation,IBM,0.49%,240.35,1.78,(0.75%)
32,Abbott Laboratories,ABT,0.48%,130.90,1.20,(0.92%)
33,Oracle Corp,ORCL,0.47%,131.39,1.63,(1.25%)
34,Linde Plc,LIN,0.47%,451.17,3.18,(0.71%)
35,Wells Fargo & Co.,WFC,0.46%,64.75,0.77,(1.21%)
36,Palantir Technologies Inc. Class A,PLTR,0.44%,94.19,1.48,(1.60%)
37,Ge Aerospace,GE,0.44%,183.18,0.73,(0.40%)
38,"Merck & Co., Inc.",MRK,0.43%,76.93,0.47,(0.61%)
39,At&t Inc.,T,0.43%,27.05,0.03,(0.09%)
40,"Pepsico, Inc.",PEP,0.43%,140.58,0.49,(0.35%)
41,Verizon Communications,VZ,0.41%,43.80,0.19,(0.43%)
42,Accenture Plc,ACN,0.39%,291.06,5.82,(2.04%)
43,Intuitive Surgical Inc.,ISRG,0.38%,481.77,0.43,(0.09%)
44,Rtx Corporation,RTX,0.37%,130.25,1.00,(0.77%)
45,"Thermo Fisher Scientific, Inc.",TMO,0.37%,441.63,4.84,(1.11%)
46,"Servicenow, Inc.",NOW,0.37%,810.26,13.60,(1.71%)
47,Intuit Inc,INTU,0.36%,590.39,2.31,(0.39%)
48,Progressive Corporation,PGR,0.35%,276.50,1.37,(0.50%)
49,Amgen Inc,AMGN,0.35%,285.13,2.49,(0.88%)
50,Goldman Sachs Group Inc.,GS,0.35%,503.85,4.80,(0.96%)
51,"Uber Technologies, Inc.",UBER,0.34%,73.88,0.81,(1.12%)
52,Advanced Micro Devices,AMD,0.34%,88.99,0.70,(0.79%)
53,The Walt Disney Company,DIS,0.34%,83.39,0.62,(0.74%)
54,Qualcomm Inc,QCOM,0.33%,138.15,2.41,(1.77%)
55,Booking Holdings Inc.,BKNG,0.33%,"4,525.00",-15.84,(-0.35%)
56,Adobe Inc.,ADBE,0.33%,349.25,5.06,(1.47%)
57,S&p Global Inc.,SPGI,0.32%,464.34,0.36,(0.08%)
58,"Tjx Companies, Inc.",TJX,0.32%,127.51,1.20,(0.95%)
59,American Express Company,AXP,0.31%,256.10,3.18,(1.26%)
60,Caterpillar Inc.,CAT,0.31%,292.08,1.94,(0.67%)
61,"Nextra Energy, Inc.",NEE,0.30%,65.51,-0.14,(-0.21%)
62,Boston Scientific Corp.,BSX,0.30%,95.73,0.47,(0.50%)
63,Texas Instruments Incorporated,TXN,0.30%,148.19,1.64,(1.12%)
64,Morgan Stanley,MS,0.30%,   NaN,0.00,(NaN%)
65,Union Pacific Corp.,UNP,0.29%,218.76,2.16,(1.00%)
66,Gilead Sciences Inc,GILD,0.29%,105.00,0.12,(0.11%)
67,The Charles Schwab Corporation,SCHW,0.29%,76.78,1.08,(1.43%)
68,Comcast Corp,CMCSA,0.28%,33.92,0.37,(1.09%)
69,"Blackrock, Inc.",BLK,0.28%,880.76,14.98,(1.73%)
70,"Honeywell International, Inc.",HON,0.28%,194.44,1.16,(0.60%)
71,Vertex Pharmaceuticals Inc,VRTX,0.28%,486.57,0.68,(0.14%)
72,"T-Mobile Us, Inc.",TMUS,0.28%,260.29,0.65,(0.25%)
73,Pfizer Inc.,PFE,0.28%,22.21,0.16,(0.75%)
74,Lowe's Companies Inc.,LOW,0.27%,215.68,1.27,(0.59%)
75,Danaher Corporation,DHR,0.27%,194.11,3.45,(1.81%)
76,Automatic Data Processing,ADP,0.26%,295.16,1.02,(0.35%)
77,"Fiserv, Inc.",FI,0.26%,208.71,-1.40,(-0.67%)
78,Citigroup Inc.,C,0.26%,62.88,0.78,(1.26%)
79,Stryker Corporation,SYK,0.26%,346.50,-0.17,(-0.05%)
80,Applied Materials Inc,AMAT,0.26%,139.55,1.36,(0.98%)
81,Deere & Company,DE,0.26%,455.74,3.32,(0.73%)
82,Boeing Company,BA,0.25%,157.52,1.05,(0.67%)
83,"Palo Alto Networks, Inc.",PANW,0.25%,171.25,1.49,(0.88%)
84,"Marsh & Mclennan Companies, Inc.",MMC,0.25%,231.14,-0.19,(-0.08%)
85,"Eaton Corporation, Plcs",ETN,0.24%,277.15,7.99,(2.97%)
86,Conocophillips,COP,0.24%,86.73,0.36,(0.42%)
87,Chubb Limited,CB,0.23%,286.49,1.42,(0.50%)
88,Medtronic Plc,MDT,0.23%,   NaN,0.00,(NaN%)
89,American Tower Corporation,AMT,0.22%,221.42,3.42,(1.57%)
90,"Elevance Health, Inc.",ELV,0.22%,435.87,0.82,(0.19%)
91,Bristol-Myers Squibb Co.,BMY,0.22%,49.31,-0.05,(-0.10%)
92,The Southern Company,SO,0.22%,89.84,-0.63,(-0.70%)
93,Lockheed Martin Corp.,LMT,0.21%,481.82,4.74,(0.99%)
94,Blackstone Inc.,BX,0.21%,129.28,-0.10,(-0.08%)
95,"Altria Group, Inc.",MO,0.21%,57.48,0.20,(0.36%)
96,"Crowdstrike Holdings, Inc. Class A",CRWD,0.21%,386.86,7.02,(1.85%)
97,Starbucks Corp,SBUX,0.21%,81.55,0.78,(0.97%)
98,Cme Group Inc.,CME,0.21%,259.19,-2.20,(-0.84%)
99,Duke Energy Corporation,DUK,0.20%,121.14,0.79,(0.65%)
100,Intercontinental Exchange Inc.,ICE,0.20%,159.20,0.76,(0.48%)
101,"Prologis, Inc.",PLD,0.20%,   NaN,0.00,(NaN%)
102,Ge Vernova Inc.,GEV,0.20%,334.01,5.85,(1.78%)
103,The Cigna Group,CI,0.20%,329.87,0.43,(0.13%)
104,Kla Corporation,KLAC,0.20%,641.53,-0.67,(-0.10%)
105,Welltower Inc.,WELL,0.20%,148.96,3.33,(2.29%)
106,"Analog Devices, Inc.",ADI,0.19%,178.20,2.27,(1.29%)
107,Lam Research Corp,LRCX,0.19%,66.37,1.22,(1.88%)
108,Mckesson Corporation,MCK,0.19%,694.03,-0.67,(-0.10%)
109,Cvs Health Corporation,CVS,0.19%,68.95,0.40,(0.58%)
110,"Mondelez International, Inc. Class A",MDLZ,0.19%,66.39,-0.09,(-0.14%)
111,Intel Corp,INTC,0.19%,18.96,-0.28,(-1.43%)
112,Arthur J. Gallagher & Co.,AJG,0.19%,343.88,11.22,(3.37%)
113,"Waste Management, Inc.",WM,0.18%,231.11,1.54,(0.67%)
114,Aon Plc Class A,AON,0.18%,369.83,-3.00,(-0.80%)
115,"O'reilly Automotive, Inc.",ORLY,0.18%,"1,371.01",6.65,(0.49%)
116,Amphenol Corporation,APH,0.17%,65.14,0.37,(0.56%)
117,"Micron Technology, Inc.",MU,0.17%,70.07,0.73,(1.06%)
118,The Sherwin-Williams Company,SHW,0.17%,331.32,0.04,(0.01%)
119,Trane Technologies Plc,TT,0.17%,327.50,-3.14,(-0.95%)
120,"Equinix, Inc. Reit",EQIX,0.17%,778.54,-0.14,(-0.02%)
121,Colgate-Palmolive Company,CL,0.17%,93.45,-0.04,(-0.04%)
122,Transdigm Group Incorporated,TDG,0.17%,"1,336.10",-0.20,(-0.02%)
123,Arista Networks,ANET,0.17%,73.40,1.53,(2.13%)
124,3m Company,MMM,0.16%,130.62,0.16,(0.13%)
125,Parker-Hannifin Corporation,PH,0.16%,564.33,4.88,(0.87%)
126,Cadence Design Systems,CDNS,0.16%,256.40,-2.86,(-1.10%)
127,Northrop Grumman Corp.,NOC,0.16%,536.00,-1.51,(-0.28%)
128,"Motorola Solutions, Inc.",MSI,0.16%,419.01,-1.44,(-0.34%)
129,Williams Companies Inc.,WMB,0.16%,   NaN,0.00,(NaN%)
130,Cintas Corp,CTAS,0.16%,204.85,0.13,(0.06%)
131,"United Parcel Service, Inc. Class B",UPS,0.15%,94.89,0.69,(0.73%)
132,Kkr & Co. Inc.,KKR,0.15%,102.78,0.73,(0.72%)
133,General Dynamics Corporation,GD,0.15%,279.84,3.21,(1.16%)
134,Moody's Corporation,MCO,0.15%,430.03,4.34,(1.02%)
135,Zoetis Inc.,ZTS,0.15%,149.55,2.79,(1.90%)
136,"Chipotle Mexican Grill, Inc.",CMG,0.14%,48.37,0.29,(0.60%)
137,Synopsys Inc,SNPS,0.14%,417.48,1.83,(0.44%)
138,Constellation Energy Corporation,CEG,0.14%,204.97,0.78,(0.38%)
139,"Nike, Inc.",NKE,0.14%,54.12,0.57,(1.06%)
140,"Fortinet, Inc.",FTNT,0.14%,98.69,2.62,(2.73%)
141,Capital One Financial,COF,0.14%,162.19,2.13,(1.33%)
142,Newmont Corporation,NEM,0.14%,55.72,-0.23,(-0.42%)
143,Illinois Tool Works Inc.,ITW,0.14%,232.80,3.00,(1.31%)
144,"Doordash, Inc. Class A",DASH,0.13%,179.85,0.46,(0.26%)
145,"Paypal Holdings, Inc.",PYPL,0.13%,61.04,0.80,(1.33%)
146,"Autozone, Inc.",AZO,0.13%,"3,549.85",-17.02,(-0.48%)
147,Pnc Financial Services Group,PNC,0.13%,150.43,-1.11,(-0.73%)
148,"Roper Technologies, Inc.",ROP,0.13%,556.29,0.02,0.00%
149,U.S. Bancorp,USB,0.13%,38.30,0.48,(1.27%)
150,"Ecolab, Inc.",ECL,0.13%,236.25,0.29,(0.12%)
151,"Hca Healthcare, Inc.",HCA,0.13%,332.89,1.89,(0.57%)
152,"Eog Resources, Inc.",EOG,0.13%,109.12,0.88,(0.81%)
153,"Air Products & Chemicals, Inc.",APD,0.13%,261.64,0.32,(0.12%)
154,Regeneron Pharmaceuticals Inc,REGN,0.13%,550.57,1.29,(0.23%)
155,"Becton, Dickinson and Co.",BDX,0.13%,202.80,2.40,(1.20%)
156,"Apollo Global Management, Inc.",APO,0.12%,126.00,0.79,(0.63%)
157,Autodesk Inc,ADSK,0.12%,261.82,1.65,(0.64%)
158,"American Electric Power Company, Inc.",AEP,0.12%,106.35,0.42,(0.40%)
159,Emerson Electric Co.,EMR,0.12%,99.75,1.08,(1.10%)
160,"The Travelers Companies, Inc.",TRV,0.12%,254.95,2.47,(0.98%)
161,Bank of New York Mellon Corporation,BK,0.12%,76.70,0.97,(1.28%)
162,Csx Corporation,CSX,0.12%,27.45,0.10,(0.37%)
163,Aflac Inc.,AFL,0.12%,107.36,0.02,(0.01%)
164,Copart Inc,CPRT,0.12%,61.14,1.70,(2.87%)
165,"Kinder Morgan, Inc.",KMI,0.12%,27.06,0.11,(0.41%)
166,"Oneok, Inc.",OKE,0.11%,86.01,1.21,(1.43%)
167,Johnson Controls International Plc,JCI,0.11%,77.88,1.22,(1.59%)
168,The Allstate Corporation,ALL,0.11%,191.67,-2.58,(-1.33%)
169,Marriot International Class A,MAR,0.11%,220.50,1.71,(0.78%)
170,Hilton Worldwide Holdings Inc.,HLT,0.11%,208.85,-0.25,(-0.12%)
171,Howmet Aerospace Inc.,HWM,0.11%,124.01,0.08,(0.06%)
172,"Workday, Inc. Class A",WDAY,0.11%,227.73,0.01,(0.01%)
173,Realty Income Corporation,O,0.11%,57.45,0.19,(0.32%)
174,Republic Services Inc.,RSG,0.11%,243.52,-0.09,(-0.04%)
175,"Airbnb, Inc. Class A",ABNB,0.11%,113.96,1.32,(1.17%)
176,Norfolk Southern Corp.,NSC,0.11%,216.40,2.37,(1.10%)
177,"Cencora, Inc.",COR,0.11%,283.43,-1.01,(-0.36%)
178,Carrier Global Corporation,CARR,0.11%,61.50,2.31,(3.90%)
179,"American International Group, Inc.",AIG,0.11%,81.16,0.19,(0.23%)
180,Truist Financial Corporation,TFC,0.10%,36.33,0.33,(0.92%)
181,Freeport-Mcmoran Inc.,FCX,0.10%,33.50,0.17,(0.53%)
182,Royal Caribbean Group,RCL,0.10%,191.86,0.16,(0.08%)
183,Paychex Inc,PAYX,0.10%,142.84,-2.73,(-1.87%)
184,Schlumberger Limited,SLB,0.10%,34.13,-0.02,(-0.06%)
185,Exelon Corporation,EXC,0.10%,46.44,-0.07,(-0.16%)
186,Kimberly-Clark Corp.,KMB,0.10%,140.36,0.66,(0.47%)
187,Fair Isaac Corporation,FICO,0.10%,"1,900.82",1.04,(0.05%)
188,Fastenal Co,FAST,0.10%,80.79,0.33,(0.42%)
189,Paccar Inc,PCAR,0.10%,87.81,1.00,(1.15%)
190,Ross Stores Inc,ROST,0.10%,139.58,0.90,(0.65%)
191,"Digital Realty Trust, Inc.",DLR,0.10%,149.78,1.60,(1.08%)
192,Fedex Corporation,FDX,0.10%,205.99,2.43,(1.19%)
193,"Ameriprise Financial, Inc.",AMP,0.10%,463.10,-0.13,(-0.03%)
194,"Simon Property Group, Inc.",SPG,0.10%,147.11,-0.95,(-0.64%)
195,Public Storage,PSA,0.10%,289.02,-0.01,(-0.01%)
196,The Kroger Co.,KR,0.10%,69.14,0.13,(0.18%)
197,"Dominion Energy, Inc",D,0.10%,52.69,-0.37,(-0.70%)
198,Sempra,SRE,0.10%,68.46,-1.93,(-2.74%)
199,"W.W. Grainger, Inc.",GWW,0.10%,986.45,1.12,(0.11%)
200,General Motors Company,GM,0.10%,44.27,0.05,(0.11%)
201,Kenvue Inc.,KVUE,0.10%,23.17,0.44,(1.94%)
202,Crown Castle Inc.,CCI,0.10%,101.25,0.00,0.00%
203,Nxp Semiconductors N.v.,NXPI,0.10%,169.82,1.22,(0.73%)
204,"Msci, Inc.",MSCI,0.09%,537.76,-4.80,(-0.88%)
205,Keurig Dr Pepper Inc.,KDP,0.09%,   NaN,0.00,(NaN%)
206,Target Corporation,TGT,0.09%,91.04,0.58,(0.64%)
207,"Metlife, Inc.",MET,0.09%,73.98,2.28,(3.18%)
208,"Axon Enterprise, Inc.",AXON,0.09%,571.50,-0.35,(-0.06%)
209,Edwards Lifesciences Corp,EW,0.09%,70.70,-0.51,(-0.71%)
210,"Verisk Analytics, Inc.",VRSK,0.09%,292.25,0.02,(0.01%)
211,Public Service Enterprise Group Incorporated,PEG,0.09%,83.03,0.00,(-0.01%)
212,"L3harris Technologies, Inc.",LHX,0.09%,218.20,-0.68,(-0.31%)
213,Monster Beverage Corporation,MNST,0.09%,58.10,0.14,(0.25%)
214,"Corteva, Inc.",CTVA,0.09%,   NaN,0.00,(NaN%)
215,"Yum! Brands, Inc.",YUM,0.09%,142.23,-0.34,(-0.24%)
216,"Xcel Energy, Inc.",XEL,0.09%,70.25,1.15,(1.66%)
217,"Quanta Services, Inc.",PWR,0.09%,279.44,9.99,(3.71%)
218,Discover Financial Services,DFS,0.09%,157.84,1.53,(0.98%)
219,Phillips 66,PSX,0.09%,97.76,1.19,(1.23%)
220,Cummins Inc.,CMI,0.09%,280.76,0.19,(0.07%)
221,Vistra Corp.,VST,0.09%,118.84,2.96,(2.56%)
222,Otis Worldwide Corporation,OTIS,0.09%,96.78,0.00,(-0.01%)
223,"United Rentals, Inc.",URI,0.09%,573.91,-11.32,(-1.93%)
224,"Consolidated Edison, Inc.",ED,0.08%,112.12,0.68,(0.61%)
225,Te Connectivity Plc,TEL,0.08%,126.90,0.00,0.00%
226,Marathon Petroleum Corporation,MPC,0.08%,124.74,0.67,(0.54%)
227,Baker Hughes Company,BKR,0.08%,38.39,0.26,(0.67%)
228,Pg&e Corporation,PCG,0.08%,   NaN,0.00,(NaN%)
229,"Fidelity National Information Services, Inc.",FIS,0.08%,69.64,1.00,(1.46%)
230,"Ametek, Inc.",AME,0.08%,161.83,3.31,(2.09%)
231,Ford Motor Company,F,0.08%,9.47,0.06,(0.69%)
232,Targa Resources Corp.,TRGP,0.08%,171.47,-1.21,(-0.70%)
233,Entergy Corporation,ETR,0.08%,82.72,0.48,(0.58%)
234,"Prudential Financial, Inc.",PRU,0.08%,99.15,0.53,(0.54%)
235,Cognizant Technology Solutions,CTSH,0.08%,69.94,-0.08,(-0.11%)
236,Hess Corporation,HES,0.08%,128.29,0.34,(0.27%)
237,Take-Two Interactive Software Inc,TTWO,0.08%,213.10,1.70,(0.80%)
238,"Cbre Group, Inc.",CBRE,0.08%,116.35,-0.86,(-0.73%)
239,Sysco Corporation,SYY,0.08%,71.34,0.65,(0.92%)
240,Arch Capital Group Ltd,ACGL,0.08%,91.68,-0.70,(-0.76%)
241,Humana Inc.,HUM,0.08%,285.61,0.00,0.00%
242,Electronic Arts Inc,EA,0.08%,144.44,1.47,(1.03%)
243,"Wec Energy Group, Inc.",WEC,0.07%,107.00,-0.36,(-0.34%)
244,Valero Energy Corporation,VLO,0.07%,107.24,0.11,(0.10%)
245,D.R. Horton Inc.,DHI,0.07%,117.36,-0.19,(-0.16%)
246,Costar Group Inc,CSGP,0.07%,80.76,1.74,(2.20%)
247,Vici Properties Inc.,VICI,0.07%,31.87,-0.18,(-0.55%)
248,"The Hartford Financial Services Group, Inc.",HIG,0.07%,118.50,1.35,(1.15%)
249,Charter Comm Inc Del Cl a,CHTR,0.07%,332.61,0.11,(0.03%)
250,Idexx Laboratories Inc,IDXX,0.07%,402.53,0.15,(0.04%)
251,Willis Towers Watson Public Limited Companys,WTW,0.07%,325.57,0.84,(0.26%)
252,"Cardinal Health, Inc.",CAH,0.07%,133.71,-0.65,(-0.48%)
253,Vulcan Materials Company,VMC,0.07%,243.26,2.70,(1.12%)
254,Corning Incorporated,GLW,0.07%,41.85,0.57,(1.38%)
255,"General Mills, Inc.",GIS,0.07%,56.93,0.45,(0.81%)
256,Resmed Inc.,RMD,0.07%,211.80,0.31,(0.15%)
257,Ebay Inc,EBAY,0.07%,   NaN,0.00,(NaN%)
258,"Gartner, Inc.",IT,0.07%,402.63,0.33,(0.08%)
259,Centene Corporation,CNC,0.07%,61.49,-0.49,(-0.79%)
260,Martin Marietta Materials,MLM,0.07%,491.13,0.06,(0.01%)
261,"Nasdaq, Inc.",NDAQ,0.07%,72.63,0.94,(1.31%)
262,Eqt Corp,EQT,0.07%,51.00,0.15,(0.29%)
263,"Ventas, Inc.",VTR,0.06%,   NaN,0.00,(NaN%)
264,Garmin Ltd,GRMN,0.06%,188.31,-0.66,(-0.35%)
265,Wabtec Inc.,WAB,0.06%,165.40,-4.31,(-2.54%)
266,Agilent Technologies Inc.,A,0.06%,102.71,0.01,(0.01%)
267,Ingersoll Rand Inc.,IR,0.06%,71.50,0.14,(0.20%)
268,"Extra Space Storage, Inc.",EXR,0.06%,138.19,-0.03,(-0.03%)
269,Ge Healthcare Technologies Inc.,GEHC,0.06%,61.82,0.34,(0.55%)
270,Old Dominion Freight Line,ODFL,0.06%,148.75,0.90,(0.61%)
271,"American Water Works Company, Inc",AWK,0.06%,146.02,-0.38,(-0.26%)
272,Lululemon Athletica Inc.,LULU,0.06%,249.48,0.10,(0.04%)
273,"Constellation Brands, Inc.",STZ,0.06%,183.88,0.85,(0.46%)
274,"Avalonbay Communities, Inc.",AVB,0.06%,200.07,0.01,0.00%
275,"Brown & Brown, Inc.",BRO,0.06%,119.47,0.67,(0.56%)
276,"Equifax, Incorporated",EFX,0.06%,220.80,1.51,(0.69%)
277,Broadridge Financial Solutions Inc,BR,0.06%,235.41,0.12,(0.05%)
278,Dte Energy Company,DTE,0.06%,132.03,0.01,(0.01%)
279,Tractor Supply Co,TSCO,0.06%,50.17,0.81,(1.64%)
280,"Dexcom, Inc.",DXCM,0.06%,68.66,-0.07,(-0.10%)
281,Ameren Corporation,AEE,0.06%,97.01,-0.99,(-1.01%)
282,Dell Technologies Inc.,DELL,0.06%,84.67,1.31,(1.57%)
283,Ansys Inc,ANSS,0.06%,302.28,0.69,(0.23%)
284,Xylem Inc,XYL,0.06%,112.47,3.28,(3.00%)
285,M&t Bank Corp.,MTB,0.06%,156.47,-2.43,(-1.53%)
286,"Rockwell Automation, Inc.",ROK,0.06%,228.31,0.20,(0.09%)
287,"Delta Air Lines, Inc.",DAL,0.06%,41.05,0.46,(1.13%)
288,Ppl Corporation,PPL,0.06%,35.23,-0.05,(-0.16%)
289,"Monolithic Power Systems, Inc.",MPWR,0.06%,541.99,17.13,(3.26%)
290,Nucor Corporation,NUE,0.06%,109.99,1.04,(0.95%)
291,"Church & Dwight Co., Inc.",CHD,0.06%,102.00,-0.96,(-0.93%)
292,The Kraft Heinz Company,KHC,0.06%,28.99,0.18,(0.62%)
293,Occidental Petroleum Corporation,OXY,0.06%,39.00,0.55,(1.43%)
294,"Dupont De Nemours, Inc.",DD,0.06%,60.01,0.76,(1.27%)
295,Iqvia Holdings Inc.,IQV,0.05%,148.35,-0.09,(-0.06%)
296,"Raymond James Financial, Inc.",RJF,0.05%,132.18,0.00,(-0.00%)
297,The Hershey Company,HSY,0.05%,164.65,0.42,(0.26%)
298,Atmos Energy Corporation,ATO,0.05%,156.30,-0.01,(-0.01%)
299,"Tyler Technologies, Inc.",TYL,0.05%,569.55,0.26,(0.05%)
300,International Paper Co.,IP,0.05%,46.62,0.32,(0.69%)
301,Godaddy Inc,GDDY,0.05%,172.30,0.10,(0.06%)
302,Lennar Corporation Class A,LEN,0.05%,104.03,1.27,(1.23%)
303,Iron Mountain Inc.,IRM,0.05%,82.25,-0.38,(-0.46%)
304,"Centerpoint Energy, Inc.",CNP,0.05%,36.92,0.14,(0.38%)
305,Sba Communications Corp,SBAC,0.05%,226.01,0.34,(0.15%)
306,Texas Pacific Land Corporation,TPL,0.05%,"1,277.35",-0.23,(-0.02%)
307,"Diamondback Energy, Inc.",FANG,0.05%,131.60,1.38,(1.06%)
308,"Keysight Technologies, Inc.",KEYS,0.05%,125.73,-9.06,(-6.72%)
309,Fifth Third Bancorp,FITB,0.05%,   NaN,0.00,(NaN%)
310,State Street Corporation,STT,0.05%,80.56,0.93,(1.17%)
311,"Darden Restaurants, Inc.",DRI,0.05%,200.12,2.25,(1.14%)
312,"Ppg Industries, Inc.",PPG,0.05%,99.98,1.55,(1.58%)
313,Equity Residential,EQR,0.05%,68.00,0.95,(1.42%)
314,"Cboe Global Markets, Inc.",CBOE,0.05%,221.71,3.74,(1.72%)
315,Fortive Corporation,FTV,0.05%,64.76,-0.24,(-0.37%)
316,Dover Corporation,DOV,0.05%,157.65,-4.31,(-2.66%)
317,Veralto Corporation,VLTO,0.05%,90.67,1.34,(1.50%)
318,Hp Inc.,HPQ,0.05%,23.61,0.14,(0.59%)
319,Kellanova,K,0.05%,82.26,-0.03,(-0.04%)
320,"United Airlines Holdings, Inc.",UAL,0.05%,67.32,0.33,(0.49%)
321,Archer Daniels Midland Company,ADM,0.05%,46.57,0.44,(0.96%)
322,Edison International,EIX,0.05%,56.31,-0.02,(-0.04%)
323,Expand Energy Corporation,EXE,0.05%,106.59,1.83,(1.75%)
324,Mettler-Toledo International,MTD,0.05%,"1,017.19",0.53,(0.05%)
325,Teledyne Technologies Incorporated,TDY,0.05%,461.08,0.19,(0.04%)
326,"Corpay, Inc.",CPAY,0.05%,307.53,0.76,(0.25%)
327,Cms Energy Corporation,CMS,0.05%,72.14,-0.03,(-0.04%)
328,Steris Plc,STE,0.05%,220.13,0.11,(0.05%)
329,"Nvr, Inc.",NVR,0.05%,   NaN,0.00,(NaN%)
330,Eversource Energy,ES,0.05%,56.35,-1.71,(-2.95%)
331,"Global Payments, Inc.",GPN,0.05%,84.31,0.19,(0.22%)
332,Firstenergy Corp.,FE,0.05%,40.79,-0.01,(-0.02%)
333,Microchip Technology Inc,MCHP,0.05%,   NaN,0.00,(NaN%)
334,Cincinnati Financial Corp,CINF,0.05%,132.11,0.00,0.00%
335,W.R. Berkley Corporation,WRB,0.05%,70.95,2.49,(3.64%)
336,Verisign Inc,VRSN,0.04%,250.20,4.27,(1.74%)
337,Smurfit Westrock Plc,SW,0.04%,40.97,0.20,(0.49%)
338,Live Nation Entertainment Inc.,LYV,0.04%,126.28,0.82,(0.65%)
339,Cdw Corporation,CDW,0.04%,149.26,0.48,(0.33%)
340,Hewlett Packard Enterprise Company,HPE,0.04%,15.17,0.28,(1.92%)
341,"Nrg Energy, Inc.",NRG,0.04%,99.29,1.20,(1.22%)
342,Huntington Bancshares Inc,HBAN,0.04%,13.50,0.23,(1.73%)
343,T Rowe Price Group Inc,TROW,0.04%,86.15,0.78,(0.91%)
344,Dow Inc.,DOW,0.04%,27.94,0.47,(1.73%)
345,Dollar General Corp.,DG,0.04%,89.56,0.20,(0.22%)
346,"Zimmer Biomet Holdings, Inc.",ZBH,0.04%,98.12,1.17,(1.21%)
347,Waters Corp,WAT,0.04%,321.02,-0.08,(-0.02%)
348,"Pultegroup, Inc.",PHM,0.04%,92.59,-0.27,(-0.30%)
349,"Mccormick & Company, Incorporated Non-Vtg Cs",MKC,0.04%,73.96,0.42,(0.57%)
350,Labcorp Holdings Inc.,LH,0.04%,220.61,0.03,(0.02%)
351,Invitation Homes Inc.,INVH,0.04%,38.03,4.99,(15.10%)
352,Weyerhaeuser Company,WY,0.04%,   NaN,0.00,(NaN%)
353,Devon Energy Corporation,DVN,0.04%,   NaN,0.00,(NaN%)
354,Carnival Corporation,CCL,0.04%,18.11,0.24,(1.34%)
355,Coterra Energy Inc.,CTRA,0.04%,25.35,-0.29,(-1.11%)
356,"Expedia Group, Inc.",EXPE,0.04%,150.80,-1.77,(-1.16%)
357,"Molina Healthcare, Inc.",MOH,0.04%,333.91,1.53,(0.46%)
358,Hubbell Incorporated,HUBB,0.04%,338.69,-0.09,(-0.03%)
359,Quest Diagnostics Inc.,DGX,0.04%,168.74,4.27,(2.60%)
360,"Leidos Holdings, Inc.",LDOS,0.04%,142.38,2.48,(1.78%)
361,International Flavors & Fragrances Inc.,IFF,0.04%,70.72,-0.34,(-0.49%)
362,Synchrony Financial,SYF,0.04%,46.62,-0.14,(-0.31%)
363,Halliburton Company,HAL,0.04%,21.53,0.10,(0.47%)
364,Nisource Inc.,NI,0.04%,36.08,-2.87,(-7.38%)
365,"Warner Bros. Discovery, Inc. Series a",WBD,0.04%,8.03,0.11,(1.39%)
366,"Mid-America Apartment Communities, Inc.",MAA,0.04%,153.81,-0.01,(-0.01%)
367,Insulet Corporation,PODD,0.04%,250.73,0.00,0.00%
368,Lennox International Inc.,LII,0.04%,548.27,0.41,(0.07%)
369,Snap-on Incorporated,SNA,0.04%,332.04,0.04,(0.01%)
370,"Ptc, Inc",PTC,0.04%,141.82,-2.16,(-1.50%)
371,Regions Financial Corp.,RF,0.04%,   NaN,0.00,(NaN%)
372,"Essex Property Trust, Inc",ESS,0.04%,280.09,8.19,(3.01%)
373,"Williams-Sonoma, Inc.",WSM,0.04%,138.06,0.44,(0.32%)
374,Northern Trust Corp,NTRS,0.04%,87.44,0.00,(0.01%)
375,"Tyson Foods, Inc.",TSN,0.04%,59.56,-1.10,(-1.82%)
376,Clorox Company,CLX,0.04%,137.40,0.60,(0.44%)
377,Biogen Inc.,BIIB,0.04%,116.56,1.27,(1.10%)
378,"Super Micro Computer, Inc.",SMCI,0.04%,32.39,0.49,(1.55%)
379,Packaging Corp of America,PKG,0.04%,186.68,-0.06,(-0.03%)
380,Steel Dynamics Inc,STLD,0.04%,117.29,0.08,(0.07%)
381,"Netapp, Inc",NTAP,0.04%,82.25,0.90,(1.10%)
382,"Ulta Beauty, Inc.",ULTA,0.04%,349.64,0.05,(0.01%)
383,Factset Research Systems,FDS,0.04%,421.15,-6.09,(-1.42%)
384,Domino's Pizza Inc.,DPZ,0.04%,461.50,-0.75,(-0.16%)
385,Genuine Parts Company,GPC,0.03%,111.95,-0.23,(-0.20%)
386,Alliant Energy Corporation,LNT,0.03%,61.75,1.33,(2.20%)
387,Deckers Outdoor Corp,DECK,0.03%,103.46,0.44,(0.43%)
388,"Citizens Financial Group, Inc.",CFG,0.03%,35.63,0.17,(0.47%)
389,"Rollins, Inc.",ROL,0.03%,55.02,0.01,(0.01%)
390,"Evergy, Inc.",EVRG,0.03%,67.45,0.02,(0.04%)
391,"The Cooper Companies, Inc.",COO,0.03%,75.53,-2.70,(-3.46%)
392,"Expeditors International of Washington, Inc.",EXPD,0.03%,105.31,-0.17,(-0.17%)
393,"West Pharmaceutical Services, Inc.",WST,0.03%,204.16,-4.97,(-2.37%)
394,"Principal Financial Group, Inc.",PFG,0.03%,72.90,1.25,(1.75%)
395,Southwest Airlines Co.,LUV,0.03%,   NaN,0.00,(NaN%)
396,Loews Corporation,L,0.03%,82.58,-2.62,(-3.08%)
397,Seagate Technology Holdings Plcs,STX,0.03%,72.87,0.05,(0.07%)
398,"F5, Inc.",FFIV,0.03%,280.55,21.56,(8.33%)
399,On Semiconductor Corp,ON,0.03%,34.50,0.25,(0.73%)
400,"Everest Group, Ltd.",EG,0.03%,348.35,0.75,(0.22%)
401,Omnicom Group Inc.,OMC,0.03%,73.97,2.73,(3.83%)
402,Jabil Inc.,JBL,0.03%,133.84,-0.03,(-0.02%)
403,Lyondellbasell Industries N.v. Class A,LYB,0.03%,56.25,0.31,(0.56%)
404,Dollar Tree Inc.,DLTR,0.03%,73.35,0.14,(0.19%)
405,Trimble Inc.,TRMB,0.03%,58.29,0.01,(0.02%)
406,Jacobs Solutions Inc.,J,0.03%,122.83,6.25,(5.36%)
407,Baxter International Inc.,BAX,0.03%,27.60,-0.22,(-0.79%)
408,Ball Corporation,BALL,0.03%,48.35,1.28,(2.73%)
409,Keycorp,KEY,0.03%,   NaN,0.00,(NaN%)
410,Kimco Realty Corp.,KIM,0.03%,19.01,-1.15,(-5.70%)
411,Avery Dennison Corp.,AVY,0.03%,167.90,-0.25,(-0.15%)
412,"Builders Firstsource, Inc.",BLDR,0.03%,115.80,2.74,(2.42%)
413,Pentair Plc,PNR,0.03%,81.32,0.59,(0.74%)
414,"First Solar, Inc.",FSLR,0.03%,125.07,0.69,(0.55%)
415,Amcor Plcs,AMCR,0.03%,9.25,0.00,0.00%
416,Gen Digital Inc.,GEN,0.03%,24.66,0.36,(1.46%)
417,"Tapestry, Inc.",TPR,0.03%,64.00,1.13,(1.80%)
418,"Healthpeak Properties, Inc.",DOC,0.03%,18.68,0.10,(0.51%)
419,Masco Corporation,MAS,0.03%,60.78,-0.11,(-0.17%)
420,Hologic Inc,HOLX,0.03%,61.30,4.80,(8.49%)
421,"Cf Industries Holding, Inc.",CF,0.03%,73.88,-0.22,(-0.30%)
422,Henry (Jack) & Associates,JKHY,0.03%,162.68,-9.20,(-5.36%)
423,The Estee Lauder Companies Inc. Class A,EL,0.03%,53.24,0.58,(1.09%)
424,Idex Corporation,IEX,0.03%,168.94,4.86,(2.96%)
425,Western Digital Corp.,WDC,0.03%,35.76,0.14,(0.39%)
426,The J.M. Smucker Company,SJM,0.03%,115.09,0.25,(0.22%)
427,"Udr, Inc.",UDR,0.03%,40.85,-0.02,(-0.05%)
428,"Conagra Brands, Inc.",CAG,0.03%,25.01,0.11,(0.42%)
429,"Alexandria Real Estate Equities, Inc.",ARE,0.03%,77.24,0.12,(0.16%)
430,"Teradyne, Inc.",TER,0.03%,71.87,0.71,(1.00%)
431,"Best Buy Company, Inc.",BBY,0.03%,59.63,-0.01,(-0.01%)
432,"Textron, Inc.",TXT,0.03%,69.57,4.59,(7.06%)
433,Camden Property Trust,CPT,0.03%,110.29,0.08,(0.08%)
434,Zebra Technologies Corporation,ZBRA,0.03%,230.00,5.24,(2.33%)
435,Pool Corporation,POOL,0.03%,301.35,0.00,0.00%
436,Aptiv Plc,APTV,0.03%,50.63,-0.09,(-0.17%)
437,"Revvity, Inc.",RVTY,0.03%,91.19,-2.56,(-2.74%)
438,Regency Centers Corporation,REG,0.03%,70.20,-0.01,(-0.01%)
439,Align Technology Inc,ALGN,0.03%,166.05,-1.14,(-0.68%)
440,Juniper Networks Inc,JNPR,0.03%,34.59,0.10,(0.29%)
441,Las Vegas Sands Corp.,LVS,0.02%,32.00,0.14,(0.44%)
442,Akamai Technologies Inc,AKAM,0.02%,73.94,0.13,(0.18%)
443,Allegion Public Limited Company,ALLE,0.02%,125.24,0.11,(0.09%)
444,Fox Corporation Class A,FOXA,0.02%,48.50,0.24,(0.50%)
445,Lkq Corporation,LKQ,0.02%,42.36,0.98,(2.37%)
446,"C.H. Robinson Worldwide, Inc.",CHRW,0.02%,89.86,0.00,0.00%
447,Jb Hunt Transport Services Inc,JBHT,0.02%,125.00,0.27,(0.21%)
448,Pinnacle West Capital Corporation,PNW,0.02%,93.41,0.00,0.00%
449,Erie Indemnity Co,ERIE,0.02%,412.08,0.19,(0.05%)
450,Carmax Inc.,KMX,0.02%,65.53,1.42,(2.21%)
451,"Paycom Software, Inc.",PAYC,0.02%,218.19,2.66,(1.23%)
452,Globe Life Inc.,GL,0.02%,121.24,0.02,(0.01%)
453,"Universal Health Services, Inc. Class B",UHS,0.02%,179.93,6.27,(3.61%)
454,Molson Coors Beverage Company Class B,TAP,0.02%,59.10,0.39,(0.66%)
455,Bunge Global Sa,BG,0.02%,77.58,1.20,(1.56%)
456,News Corporation Class A,NWSA,0.02%,25.68,0.00,(0.02%)
457,"Tko Group Holdings, Inc.",TKO,0.02%,152.88,4.92,(3.33%)
458,Nordson Corp,NDSN,0.02%,181.73,1.04,(0.58%)
459,"Assurant, Inc.",AIZ,0.02%,193.57,3.25,(1.71%)
460,"Host Hotels & Resorts, Inc.",HST,0.02%,   NaN,0.00,(NaN%)
461,Incyte Genomics Inc,INCY,0.02%,57.25,-0.48,(-0.83%)
462,"The Interpublic Group of Companies, Inc.",IPG,0.02%,26.55,3.28,(14.07%)
463,"Bxp, Inc.",BXP,0.02%,63.10,0.03,(0.05%)
464,Skyworks Solutions Inc,SWKS,0.02%,56.47,0.61,(1.09%)
465,Solventum Corporation,SOLV,0.02%,65.26,-0.41,(-0.62%)
466,"Stanley Black & Decker, Inc.",SWK,0.02%,56.91,0.09,(0.17%)
467,Eastman Chemical Company,EMN,0.02%,77.49,0.70,(0.91%)
468,Viatris Inc.,VTRS,0.02%,7.38,-0.01,(-0.14%)
469,"Moderna, Inc.",MRNA,0.02%,25.53,0.34,(1.35%)
470,Hormel Foods Corporation,HRL,0.02%,30.38,0.20,(0.66%)
471,"Dayforce, Inc.",DAY,0.02%,54.93,-0.07,(-0.13%)
472,"Epam Systems, Inc.",EPAM,0.02%,147.06,-0.22,(-0.15%)
473,"Huntington Ingalls Industries, Inc.",HII,0.02%,215.70,0.10,(0.05%)
474,Marketaxess Holdings Inc.,MKTX,0.02%,222.61,-0.13,(-0.06%)
475,The Mosaic Company,MOS,0.02%,27.05,0.08,(0.30%)
476,Ralph Lauren Corporation,RL,0.02%,202.09,0.04,(0.02%)
477,Bio-Techne Corp.,TECH,0.02%,49.75,-0.23,(-0.45%)
478,Henry Schein Inc,HSIC,0.02%,63.23,-0.06,(-0.10%)
479,"Walgreens Boots Alliance, Inc",WBA,0.02%,10.81,0.00,(0.05%)
480,"Lamb Weston Holdings, Inc.",LW,0.02%,53.39,-0.01,(-0.02%)
481,A.O. Smith Corporation,AOS,0.02%,62.82,-0.04,(-0.06%)
482,The Campbell's Company,CPB,0.02%,36.57,-0.28,(-0.76%)
483,Aes Corporation,AES,0.02%,10.04,0.08,(0.84%)
484,"Match Group, Inc",MTCH,0.02%,28.83,0.18,(0.61%)
485,Norwegian Cruise Line Holdings Ltd.s,NCLH,0.02%,16.38,0.29,(1.80%)
486,"Enphase Energy, Inc.",ENPH,0.02%,52.14,0.39,(0.75%)
487,Federal Realty Investment Trust,FRT,0.02%,92.85,0.78,(0.84%)
488,"Hasbro, Inc.",HAS,0.02%,   NaN,0.00,(NaN%)
489,Generac Holdings Inc,GNRC,0.01%,111.20,0.55,(0.50%)
490,Mgm Resorts International,MGM,0.01%,28.60,0.14,(0.49%)
491,Wynn Resorts Ltd,WYNN,0.01%,73.70,-0.03,(-0.04%)
492,Paramount Global Class B,PARA,0.01%,   NaN,0.00,(NaN%)
493,Davita Inc.,DVA,0.01%,143.69,2.19,(1.54%)
494,Albemarle Corporation,ALB,0.01%,52.83,0.26,(0.49%)
495,Fox Corporation Class B,FOX,0.01%,44.69,-0.01,(-0.03%)
496,Brown-Forman Corporation Class B,BF.B,0.01%,33.08,0.06,(0.18%)
497,Invesco Ltd,IVZ,0.01%,12.79,0.15,(1.19%)
498,"Franklin Resources, Inc.",BEN,0.01%,17.69,0.14,(0.82%)
499,Apa Corporation,APA,0.01%,15.52,0.15,(0.94%)
500,"Charles River Laboratories International, Inc.",CRL,0.01%,107.62,3.36,(3.23%)
501,"Mohawk Industries, Inc.",MHK,0.01%,98.03,-2.89,(-2.86%)
502,"Caesars Entertainment, Inc.",CZR,0.01%,25.11,0.36,(1.43%)
503,News Corporation Class B,NWS,0.01%,29.75,0.00,0.00%